,precision,recall,f1-score,support
Bacterialblight,0.7256637168141593,0.5694444444444444,0.6381322957198443,288.0
Blast,0.6133828996282528,0.5555555555555556,0.5830388692579506,297.0
Brownspot,0.7371007371007371,0.9063444108761329,0.8130081300813008,331.0
Tungro,0.9119718309859155,0.9592592592592593,0.9350180505415162,270.0
accuracy,0.7487352445193929,0.7487352445193929,0.7487352445193929,0.7487352445193929
macro avg,0.7470297961322662,0.747650917533848,0.742299336400153,1186.0
weighted avg,0.7431522849735329,0.7487352445193929,0.7407295194266833,1186.0
