epoch,train_accuracy,val_accuracy,train_loss,val_loss
1,0.5661609768867493,0.6770657896995544,2.080350875854492,0.8838754296302795
2,0.6464391350746155,0.7166947722434998,0.8435490131378174,0.7548373341560364
3,0.6793088912963867,0.7251265048980713,0.7671334743499756,0.6775636076927185
4,0.711757242679596,0.7124789357185364,0.6998036503791809,0.6554149389266968
5,0.7132322192192078,0.748735249042511,0.6839185953140259,0.6225093007087708
