,precision,recall,f1-score,support
Bacterialblight,0.8066914498141264,0.7534722222222222,0.7791741472172352,288.0
Blast,0.7906137184115524,0.7373737373737373,0.7630662020905923,297.0
Brownspot,0.8070652173913043,0.8972809667673716,0.8497854077253219,331.0
Tungro,0.9448529411764706,0.9518518518518518,0.948339483394834,270.0
accuracy,0.8347386172006745,0.8347386172006745,0.8347386172006745,0.8347386172006745
macro avg,0.8373058316983634,0.8349946945537957,0.8350913101069959,1186.0
weighted avg,0.8342228440041047,0.8347386172006745,0.8333587241932179,1186.0
