epoch,train_accuracy,val_accuracy,train_loss,val_loss
1,0.6352717876434326,0.7301855087280273,2.0554556846618652,0.6772729158401489
2,0.7330383658409119,0.771500825881958,0.6737497448921204,0.5530574321746826
3,0.7749683856964111,0.8052276372909546,0.5710172057151794,0.4731482267379761
4,0.8063632249832153,0.8364249467849731,0.5058084726333618,0.4477030634880066
5,0.8202697038650513,0.8347386121749878,0.44672301411628723,0.3791285455226898
