,precision,recall,f1-score,support
Bacterialblight,1.0,1.0,1.0,288.0
Blast,0.9932203389830508,0.9865319865319865,0.9898648648648649,297.0
Brownspot,0.987987987987988,0.9939577039274925,0.9909638554216867,331.0
Tungro,1.0,1.0,1.0,270.0
accuracy,0.9949409780775716,0.9949409780775716,0.9949409780775716,0.9949409780775716
macro avg,0.9953020817427598,0.9951224226148698,0.9952071800716379,1186.0
weighted avg,0.9949498016037017,0.9949409780775716,0.9949400514413518,1186.0
