epoch,train_accuracy,val_accuracy,train_loss,val_loss
1,0.8249051570892334,0.9443507790565491,0.6642236709594727,0.14412343502044678
2,0.9416350722312927,0.9747048616409302,0.1591808944940567,0.06998182088136673
3,0.9650231599807739,0.982293426990509,0.09709768742322922,0.04243560880422592
4,0.9778761267662048,0.994940996170044,0.0628570020198822,0.023670105263590813
5,0.982511579990387,0.994940996170044,0.04903194680809975,0.01709820330142975
