,precision,recall,f1-score,support
Bacterialblight,0.7551622418879056,0.8888888888888888,0.8165869218500797,288.0
Blast,0.8808510638297873,0.696969696969697,0.7781954887218046,297.0
Brownspot,0.8653295128939829,0.9123867069486404,0.888235294117647,331.0
Tungro,0.9657794676806084,0.9407407407407408,0.9530956848030019,270.0
accuracy,0.8591905564924115,0.8591905564924115,0.8591905564924115,0.8591905564924115
macro avg,0.866780571573071,0.8597465083869917,0.8590283473731333,1186.0
weighted avg,0.8653322231558483,0.8591905564924115,0.8580462149181708,1186.0
