epoch,train_accuracy,val_accuracy,train_loss,val_loss
1,0.6470712423324585,0.7571669220924377,3.7194931507110596,0.6466092467308044
2,0.7404129505157471,0.8094435334205627,0.6736553907394409,0.4802626371383667
3,0.787821352481842,0.8229342103004456,0.5266581773757935,0.4337324798107147
4,0.8320690989494324,0.844013512134552,0.43182453513145447,0.4107559621334076
5,0.8386009335517883,0.8591905832290649,0.41193336248397827,0.32066747546195984
