,precision,recall,f1-score,support
Bacterialblight,0.6515580736543909,0.7986111111111112,0.717628705148206,288.0
Blast,0.7912087912087912,0.48484848484848486,0.6012526096033403,297.0
Brownspot,0.8048780487804879,0.8972809667673716,0.8485714285714285,331.0
Tungro,0.9361702127659575,0.9777777777777777,0.9565217391304348,270.0
accuracy,0.7883642495784149,0.7883642495784149,0.7883642495784149,0.7883642495784149
macro avg,0.7959537816024069,0.7896295851261863,0.7809936206133523,1186.0
weighted avg,0.7941132612096338,0.7883642495784149,0.7794157711275174,1186.0
