epoch,train_accuracy,val_accuracy,train_loss,val_loss
1,0.6055625677108765,0.6871837973594666,2.885211706161499,0.8120490908622742
2,0.6856300234794617,0.7453625798225403,0.7896937131881714,0.6380442380905151
3,0.7037505507469177,0.7571669220924377,0.7309154868125916,0.6145282983779907
4,0.7269279360771179,0.789207398891449,0.6751525402069092,0.5605658888816833
5,0.7317741513252258,0.7883642315864563,0.6510800123214722,0.5546610951423645
