,precision,recall,f1-score,support
Bacterialblight,1.0,1.0,1.0,288.0
Blast,1.0,0.9966329966329966,0.9983136593591906,297.0
Brownspot,0.9969879518072289,1.0,0.9984917043740573,331.0
Tungro,1.0,1.0,1.0,270.0
accuracy,0.9991568296795953,0.9991568296795953,0.9991568296795953,0.9991568296795953
macro avg,0.9992469879518072,0.9991582491582491,0.999201340933312,1186.0
weighted avg,0.9991593693492351,0.9991568296795953,0.9991567546184592,1186.0
