epoch,train_accuracy,val_accuracy,train_loss,val_loss
1,0.8539823293685913,0.9654300212860107,0.6350016593933105,0.09969092905521393
2,0.9605984091758728,0.9940978288650513,0.11053036153316498,0.03285369277000427
3,0.984407901763916,0.9957841634750366,0.04501776024699211,0.019816899672150612
4,0.9894648194313049,0.997470498085022,0.03434015437960625,0.007985369302332401
5,0.9959966540336609,0.9991568326950073,0.01598919741809368,0.005121177062392235
