epoch,train_accuracy,val_accuracy,train_loss,val_loss
1,0.8529287576675415,0.9747048616409302,0.5336655974388123,0.07912295311689377
2,0.9696586728096008,0.9915682673454285,0.08499357104301453,0.02966785989701748
3,0.9871470928192139,0.9957841634750366,0.04069454222917557,0.01722465641796589
4,0.9947323799133301,0.997470498085022,0.02323898859322071,0.00977645255625248
5,0.9972608685493469,0.9991568326950073,0.013707811944186687,0.005583377089351416
