,precision,recall,f1-score,support
Bacterialblight,0.8185483870967742,0.7048611111111112,0.7574626865671642,288.0
Blast,0.7894736842105263,0.6565656565656566,0.7169117647058824,297.0
Brownspot,0.7037037037037037,0.9758308157099698,0.8177215189873418,331.0
Tungro,1.0,0.8592592592592593,0.9243027888446215,270.0
accuracy,0.8035413153456998,0.8035413153456998,0.8035413153456998,0.8035413153456998
macro avg,0.8279314437527511,0.7991292106614991,0.8040996897762525,1186.0
weighted avg,0.8205240688198342,0.8035413153456998,0.802107608450125,1186.0
