epoch,train_accuracy,val_accuracy,train_loss,val_loss
1,0.6049304604530334,0.6652613878250122,1.8120343685150146,0.740750253200531
2,0.6687737107276917,0.7352445125579834,0.754275381565094,0.6125215291976929
3,0.7180783748626709,0.7419899106025696,0.6523405313491821,0.531681478023529
4,0.7492625117301941,0.7681281566619873,0.5671071410179138,0.5261567831039429
5,0.760640561580658,0.8035413026809692,0.5540799498558044,0.5290040373802185
