,precision,recall,f1-score,support
Bacterialblight,0.986159169550173,0.9895833333333334,0.9878682842287695,288.0
Blast,0.9899328859060402,0.9932659932659933,0.9915966386554622,297.0
Brownspot,0.993920972644377,0.9879154078549849,0.990909090909091,331.0
Tungro,1.0,1.0,1.0,270.0
accuracy,0.9924114671163575,0.9924114671163575,0.9924114671163575,0.9924114671163575
macro avg,0.9925032570251475,0.9926911836135779,0.9925935034483306,1186.0
weighted avg,0.9924213742747323,0.9924114671163575,0.9924124592154021,1186.0
