epoch,train_accuracy,val_accuracy,train_loss,val_loss
1,0.8628318309783936,0.9645868539810181,0.516802191734314,0.12272165715694427
2,0.9506953358650208,0.9747048616409302,0.13420498371124268,0.07392208278179169
3,0.975979745388031,0.9789207577705383,0.0657450333237648,0.05603485926985741
4,0.9858828783035278,0.9881955981254578,0.04335898905992508,0.02766348049044609
5,0.9886220097541809,0.9924114942550659,0.03387679532170296,0.026575502008199692
