epoch,train_accuracy,val_accuracy,train_loss,val_loss
1,0.8693636655807495,0.9806070923805237,0.5535082221031189,0.057667724788188934
2,0.975979745388031,0.9966273307800293,0.07279635220766068,0.01623150147497654
3,0.9945216774940491,0.9957841634750366,0.017657307907938957,0.009298423305153847
4,0.998103678226471,0.9991568326950073,0.010305873118340969,0.00433309143409133
5,0.9976822733879089,0.9991568326950073,0.01017793733626604,0.004828615579754114
