,precision,recall,f1-score,support
Bacterialblight,0.7358490566037735,0.6770833333333334,0.705244122965642,288.0
Blast,0.7090909090909091,0.6565656565656566,0.6818181818181818,297.0
Brownspot,0.8658536585365854,0.8580060422960725,0.8619119878603946,331.0
Tungro,0.839622641509434,0.9888888888888889,0.9081632653061225,270.0
accuracy,0.7934232715008431,0.7934232715008431,0.7934232715008431,0.7934232715008431
macro avg,0.7876040664351754,0.7951359802709879,0.7892843894875852,1186.0
weighted avg,0.7890558199705259,0.7934232715008431,0.7892978558419464,1186.0
