epoch,train_accuracy,val_accuracy,train_loss,val_loss
1,0.6188369393348694,0.7048903703689575,2.326413154602051,0.7888725399971008
2,0.6894226670265198,0.7419899106025696,0.7547354102134705,0.639563798904419
3,0.7151285409927368,0.7571669220924377,0.6860319375991821,0.620902419090271
4,0.744627058506012,0.7883642315864563,0.6300095319747925,0.5289163589477539
5,0.7355667948722839,0.7934232950210571,0.6290055513381958,0.5467662215232849
