,precision,recall,f1-score,support
Bacterialblight,0.7925925925925926,0.7430555555555556,0.7670250896057348,288.0
Blast,0.7391304347826086,0.7441077441077442,0.7416107382550335,297.0
Brownspot,0.8337950138504155,0.9093655589123867,0.869942196531792,331.0
Tungro,0.97265625,0.9222222222222223,0.9467680608365019,270.0
accuracy,0.8305227655986509,0.8305227655986509,0.8305227655986509,0.8305227655986509
macro avg,0.8345435728064041,0.8296877701994771,0.8313365213072654,1186.0
weighted avg,0.8316962418900412,0.8305227655986509,0.8303034220455947,1186.0
