epoch,train_accuracy,val_accuracy,train_loss,val_loss
1,0.6266329288482666,0.7681281566619873,3.031010389328003,0.6470046043395996
2,0.7052254676818848,0.766441822052002,0.7239936590194702,0.5408969521522522
3,0.739780843257904,0.7875210642814636,0.640617311000824,0.49555256962776184
4,0.7583227753639221,0.8271501064300537,0.58217453956604,0.41910070180892944
5,0.7764433026313782,0.8305227756500244,0.5425008535385132,0.4385116696357727
