,precision,recall,f1-score,support
Bacterialblight,0.9965397923875432,1.0,0.9982668977469671,288.0
Blast,1.0,0.98989898989899,0.9949238578680203,297.0
Brownspot,0.993993993993994,1.0,0.9969879518072289,331.0
Tungro,1.0,1.0,1.0,270.0
accuracy,0.9974704890387859,0.9974704890387859,0.9974704890387859,0.9974704890387859
macro avg,0.9976334465953843,0.9974747474747475,0.997544676855554,1186.0
weighted avg,0.9974835347551639,0.9974704890387859,0.9974673392800348,1186.0
