,precision,recall,f1-score,support
Bacterialblight,0.9862542955326461,0.9965277777777778,0.9913644214162349,288.0
Blast,1.0,0.9629629629629629,0.9811320754716981,297.0
Brownspot,0.9763313609467456,0.9969788519637462,0.9865470852017937,331.0
Tungro,0.996309963099631,1.0,0.9981515711645101,270.0
accuracy,0.9890387858347386,0.9890387858347386,0.9890387858347386,0.9890387858347386
macro avg,0.9897239048947557,0.9891173981761218,0.9892987883135593,1186.0
weighted avg,0.9892163639322724,0.9890387858347386,0.9890026890380956,1186.0
