epoch,train_accuracy,val_accuracy,train_loss,val_loss
1,0.779182493686676,0.9030354022979736,0.7447473406791687,0.24004128575325012
2,0.9239359498023987,0.959527850151062,0.21054194867610931,0.11020787805318832
3,0.9580699801445007,0.9671163558959961,0.1201382502913475,0.09562789648771286
4,0.9683944582939148,0.9890387654304504,0.09677593410015106,0.04873814433813095
5,0.975558340549469,0.9890387654304504,0.0702114850282669,0.03776444494724274
