,precision,recall,f1-score,support
Bacterialblight,1.0,0.9965277777777778,0.9982608695652174,288.0
Blast,0.9898305084745763,0.9831649831649831,0.9864864864864865,297.0
Brownspot,0.9850299401197605,0.9939577039274925,0.9894736842105263,331.0
Tungro,1.0,1.0,1.0,270.0
accuracy,0.9932546374367622,0.9932546374367622,0.9932546374367622,0.9932546374367622
macro avg,0.9937151121485842,0.9934126162175634,0.9935552600655575,1186.0
weighted avg,0.9932753551404637,0.9932546374367622,0.9932558232672457,1186.0
