epoch,train_accuracy,val_accuracy,train_loss,val_loss
1,0.8369153141975403,0.9376053810119629,0.5631076693534851,0.15356017649173737
2,0.9473240375518799,0.9730185270309448,0.14779026806354523,0.07447918504476547
3,0.9677623510360718,0.9831365942955017,0.08695721626281738,0.05603532865643501
4,0.9797724485397339,0.9940978288650513,0.06184427812695503,0.028572218492627144
5,0.9858828783035278,0.9932546615600586,0.04107395187020302,0.020287876948714256
