,precision,recall,f1-score,support
Bacterialblight,1.0,1.0,1.0,288.0
Blast,1.0,0.98989898989899,0.9949238578680203,297.0
Brownspot,0.9910179640718563,1.0,0.9954887218045113,331.0
Tungro,1.0,1.0,1.0,270.0
accuracy,0.9974704890387859,0.9974704890387859,0.9974704890387859,0.9974704890387859
macro avg,0.9977544910179641,0.9974747474747475,0.9976031449181328,1186.0
weighted avg,0.99749320919712,0.9974704890387859,0.9974697746240263,1186.0
