epoch,train_accuracy,val_accuracy,train_loss,val_loss
1,0.7945638298988342,0.9401348829269409,0.7549605965614319,0.16435039043426514
2,0.9500632286071777,0.9738616943359375,0.14461562037467957,0.0807221457362175
3,0.9782975316047668,0.9907251000404358,0.06631572544574738,0.03674092888832092
4,0.9869363903999329,0.9932546615600586,0.04423671215772629,0.02043340913951397
5,0.993678867816925,0.997470498085022,0.027428891509771347,0.012326372787356377
