,precision,recall,f1-score,support
Bacterialblight,0.75,0.75,0.75,288.0
Blast,0.7786885245901639,0.6397306397306397,0.7024029574861368,297.0
Brownspot,0.8032345013477089,0.9003021148036254,0.8490028490028491,331.0
Tungro,0.911660777385159,0.9555555555555556,0.9330922242314648,270.0
accuracy,0.8111298482293423,0.8111298482293423,0.8111298482293423,0.8111298482293423
macro avg,0.810895950830758,0.8113970775224553,0.8086245076801126,1186.0
weighted avg,0.8088444533249269,0.8111298482293423,0.8073933574501022,1186.0
