epoch,train_accuracy,val_accuracy,train_loss,val_loss
1,0.6198904514312744,0.7268128395080566,3.305250644683838,0.7871084213256836
2,0.7128108143806458,0.7546374201774597,0.7160558700561523,0.6632025241851807
3,0.736409604549408,0.7613828182220459,0.6681552529335022,0.5938356518745422
4,0.7593762874603271,0.8102867007255554,0.5982623100280762,0.5060867667198181
5,0.7581120729446411,0.8111298680305481,0.5996692776679993,0.485690176486969
